intercept_a,slope_b
-10.123006174190817,6733.569122717895
