intercept_a,slope_b
-10.123006184728826,6733.569126797998
