Test_Type,Temp_C,Volt_V,n_total,n_fail,n_censored,beta_shape,eta_scale_hours,MTTF_hours,hazard_interpretation
HTOL,125,4.5,80,79,1,2.0471682565187854,915.9543634914909,811.452759604362,Increasing hazard (wear-out)
HTOL,125,5.0,80,80,0,2.0039568991574717,861.1804219731914,763.1741311906677,Increasing hazard (wear-out)
HTOL,150,4.5,80,80,0,2.2240213773499824,341.34292730444935,302.31551314252647,Increasing hazard (wear-out)
HTOL,150,5.0,80,80,0,2.096310541390451,313.25592065461916,277.45211560273003,Increasing hazard (wear-out)
TC,125,0.0,80,14,66,2.488051774015493,2318.1744737658987,2056.593707561924,Increasing hazard (wear-out)
